day,trackId,startUTC,artist,title,slug,form,desc,imgur,url,website,instagram,twitter,facebook,module
1,1,17:08,Camila Colussi,WordsOfRebellion,wordsofrebellion,Video of the work + Q&A,"Collection and transcription of protest posters that crossed the streets of Chile (2019-20). While being abroad, social networks has been my main access to those images. This proposal is an attempt to build a story mediated by the digital platform as a narrative, sensitive and knowledge source.",1lAVRpr,https://www.camilacolussi.com/wordsofrebellion,https://www.camilacolussi.com,camilacolussi,,,
1,1,17:16,Katie Tindle,Drips,drips,Talk / Demo + Q&A,"Drips is the product of a research project into biosensing (self tracking health data) as a practice, and reflective writing as a creative research technique.",7dZTLCr,http://doc.gold.ac.uk/compartsblog/index.php/work/motivation-menstrual-biosensing-as-identity-construction/,https://cargocollective.com/katietindle/Home,ktwindmill,,,
1,1,17:30,Christina Karpodini,Detuned piano,detuned-piano,Video of the work + Q&A,Detuned piano is an audio&light interactive installation. It is aiming to reflect the impact of the misleading information we find on the Internet and the impact of them on the mental health of people.,fFqqtuP,,https://ckarpodini.wixsite.com/christinakarpodini,christikarp,,,
1,1,17:38,Veera Jussila,A Magical AI Angle,a-magical-ai-angle,Talk / Demo + Q&A,"A prototype for the sonic part of an interactive installation. The piece takes viewer to an insecure AI oracle that reads aloud predictions about its own future. The name comes from one of the phrases in AI predictions. Built with MaxMSP,  Arduino and a text generation RNN in Tensorflow.",UsXvov6,https://www.veerajussila.com/code-and-art/a-magical-ai-angle,https://www.veerajussila.com,veeraidaj,JussilaVeera,https://www.facebook.com/veera.jussila,
1,1,17:46,Yuquian Sun,Digital Fossils,digital-fossils,Talk / Demo + Q&A,,,,,,,,
1,1,18:00,Jakob Jennerholm Hammar,Weaving Drafts at the Edge of the Abyss,weaving-drafts-at-the-edge-of-the-abyss,Talk / Demo + Q&A,"A series of experimental explorations into digital weaving drafts/notation. The project is founded on a series of vague questions about time, nature, relationality and pattern-making which are engaged with through the creation of generative and interactive digital and physical weaving drafts.",Z84HQD1,https://jennerholmhammar.info/project/weaving-drafts/,https://jennerholmhammar.info,knoegle,,,
1,1,18:08,Alesandra Miro Quesada,My Margins,my-margins,Talk / Demo + Q&A,,,,,,,,
1,1,18:16,Jude Marcella,The Snow Globe,the-snow-globe,Talk / Demo + Q&A,A diorama,ocbg23V,http://doc.gold.ac.uk/compartsblog/index.php/work/the-snow-globe-a-critical-reengagement-with-onscreen-life/,https://www.judemarcella.com/,meminine,,,
1,1,18:30,Andrew Chang,I am my sex slave,i-am-my-sex-slave,Video of the work + Q&A,"I am my sex slave is focusing on the process of produce a virtual body by different 3D scanning platforms and techniques, exploring the possibility of our identity development without the restriction of the physical body in the real-world.",odwTEFb,https://www.andrewtw.com/post-bs4ix/_______________i-am-my-sex-slave_______________,https://www.andrewtw.com/,chia_yang.tw,,,
1,1,18:38,Clemence Debaig,Is It Getting Better?,is-it-getting-better,Talk / Demo + Q&A,This kinetic sculpture changes its shape depending on the latest COVID19 data in the UK. It automatically interrogates an online data source once per day. Its two states (better / worse) aims at simplifying the understanding of the data and go against the current information overload.,ktdTEc8,https://www.youtube.com/watch?v=PQAP3vp-uzI,http://www.clemencedebaig.com/,demzou_art,clemencedebaig,/demzouart,
1,1,18:46,James Lawton,Public Opinion,public-opinion,?,An audio performance that has a socio-political bent to it about how we lose our own unique voice within the onslaught of pervasive media. It's strongly based off of media and public opinion literature. It takes its name from the highly influential and controversial 1922 book by Walter Lippmann.,SQZ4E59,https://jameslawton.net/public-opinion,https://jameslawton.net/,jameslawtonart,jameslawtonart,jameslawtonart,
1,1,19:00,Andrew Chang,Stop Projecting Your Feelings Onto Others,stop-projecting-your-feelings-onto-others,Video of the work + Q&A,"Stop projecting your feelings onto others is a computational interact projection and installation, reflecting the projection effect in Psychology.",jTOdsHh,https://www.andrewtw.com/post-bs4ix/stop-projecting-your-feelings-onto-others,https://www.andrewtw.com/,chia_yang.tw,,,
1,1,19:08,Mattia Spagnuolo,#iorestoacasa,iorestoacasa,Talk / Demo + Q&A,#iorestoacasa is a virtual artefact that visualizes data relative to the COVID-19 pandemic in the form of a particle system. The most relevant data about the virus outbreak is mapped to variables that modify the shape and color of the system.,1izd17T,https://www.mattiaspagnuolo.com/works/iorestoacasa,https://www.mattiaspagnuolo.com/,mattia_spagnuolo,,,
1,1,19:16,Callum Fowler,a human and a computer,a-human-and-a-computer,Performance,"This performance is a human-computer collaboration. The human improvises on an electric guitar, whilst the computer generates a response using MaxMSP, resulting in a sound collage. The piece focuses on aspects of generative audio and human-computer interaction.",tNdbnMe,,,motivated_sloth,,,
1,2,17:08,Oliver Schilke,Sumbios,sumbios,Video of the work + Q&A,"Here Physarum Polycephalum explores its natural habitats using soundscapes and reactive visuals. The soundscape of the room also plays effect on these visuals exhibited, that alter our abstraction of the relationship between the biological worlds and the Anthropocene.",Pjb07aX,,,____scho,,,
1,2,17:16,Chloe Karnezi,Cash Cow,cash-cow,Talk / Demo + Q&A,‘Cash Cow’ is an audiovisual performance piece aimed at raising awareness about the treatment of cattle and other non-human animals in the context of industrial animal farming. The audio used is the poem/song ‘The Revolution Will Not Be Televised’ by American poet and jazz musician Gil Scott-Heron.,v9Z9WaE,https://www.youtube.com/watch?v=Xg2t7Hz7AIM,,,,,
1,2,17:30,Duncan Paterson,CrowMisoMoon,crowmisomoon,Video of the work + Q&A,"During lockdown, I’m more aware of the world around me, specifically the omnipresent crows on Hackney Marshes. I’ve been recording ‘conversations’ with these creatures, who seem to be flourishing in the absence of people. I’ve combined the recordings with an interactive ‘terraforming’ visual in Max.",Y1G3FDg,https://vimeo.com/413660605,,brother_sjur,,,
1,2,17:38,Karen Okpoti,Symbiosis,symbiosis,Video of the work + Q&A,"Symbiosis is a piece which explores the parasitic and mutualistic relationships between the  plant and animal kingdom in the form of a 3D simulation. All three kingdoms rely on each other for food, growth and survival.",eFnGlqC,,,kazxart,,,
1,2,17:46,Lou Terry,Feral Robotic Birds,feral-robotic-birds,Video of the work + Q&A,"Birdsong adapts and responds to sonic changes in the environment.  Using nightingale songs as a start-point, Feral Robotic Birds speculate the future of birdsong by listening to their environments, and slowly incorporating the sonic history of those environments into their ever-changing songs.",XY9T5Xh,http://doc.gold.ac.uk/compartsblog/index.php/work/feral-robotic-birds/,,,,,
1,2,18:00,kris hillquist,Everything Glitched,everything-glitched,Talk / Demo + Q&A,"I woke up one morning and everything had glitched.  This work is an audio-visual response to the Covid 19 lockdown.  Deliberately repetitive and at times off-key, the work expresses the unease of this time.",Yf8zBgH,http://doc.gold.ac.uk/compartsblog/index.php/work/15622/,,Kris Cirkuit,,https://www.facebook.com/kris.cirkuit.7/,
1,2,18:08,Gerolamo Gnecchi Ruscone,For the Tide!,for-the-tide,Talk / Demo + Q&A,This project is a first step to understand the Thames Tide ecosystem and pave new horizons in designing with the Tide.,wnL0KYX,,,,,,
1,2,18:16,"Agnes, Yuhyeon Jun",Wave Scape in Lake,wave-scape-in-lake,Talk / Demo + Q&A,"It represents 'Acoustic harmony of multispecies' such as goose and ducks in Lake as an aspect of the biodiversity in nature. It goes through 'how they live together' by generative waves with 'Binaural Spatial Sound'. As a musical, I perform with species and generate audiovisual art on my movement.",XLNgaIE,https://www.joyfulmediaartistagnes.com/work/wave-scape,https://www.joyfulmediaartistagnes.com/,joyfulmediaartist,,,
1,2,18:30,Yanyi Lu,Replica,replica,Video of the work + Q&A,"This artwork will tell a story of my digital plant and I in a cyberpunk way. I raised some questions based on the semiotics of plant and human and started my project with these. Can I keep my dying plants forever? Can I be my plant, and can we be together?",BpZduNK,https://yanyilu.wordpress.com/2020/05/14/replica/,https://yanyilu.wordpress.com/,yanyiiscoding,,,
1,2,18:38,Yasmine Boudiaf,Algerian Hand Gestures,algerian-hand-gestures,Video of the work + Q&A,This interactive project uses a camera to detect hand gestures and a speaker to produce corresponding verbal sounds.,lvV8XRc,https://www.yasmine-boudiaf.com/#/algerian-hand-gestures/,https://www.yasmine-boudiaf.com/,,YasmineBoudiaf,,
1,2,18:46,Yishuai Zhang,Translucence,translucence,Talk / Demo + Q&A,"“Translucence” is a virtual space constructed from various embodiments of my fragmented memories, taking the form of poetry, sculpture, still image, video clips, and animations. The visitor becomes a thread that connects these different elements by controlling an invisible avatar in the space.",LX3DQUS,http://zhangyishuai.com/translusence.html,http://zhangyishuai.com,,,,
1,2,19:00,Chloe Karnezi,A Rose is a Rose is a Rose,a-rose-is-a-rose-is-a-rose,Video of the work + Q&A,"This project is a 3D visualisation of different rose shapes, based on the geometrical concept of the Maurer Rose by Peter M. Maurer. The title of this project was inspired by Gertrude Stein’s 1913 poem titled ""Sacred Emily,"" which contains the famous verse, ""Rose is a rose is a rose is a rose.""",ClKD5Fe,https://www.youtube.com/watch?v=8Ef4JzkuAWw,,,,,
1,2,19:08,Christina Karpodini,"""Οικολογία"" (ecologia)",oikologia-ecologia,Performance,"“Ecologia” is a piece dedicated, as the title describes, to ecology, it reflects on humans improvident plastic waste and it creates an imaginary soundscape by sonifing the image of all land fields of earth bulging with plastics.",PHdN4ck,https://youtu.be/uEa1GOWD-LE,https://ckarpodini.wixsite.com/christinakarpodini,christikarp,,,
1,3,17:08,Elli Koliniati,Inside Us - A VR experience,inside-us-a-vr-experience,Video of the work + Q&A,"""Inside Us"" is a VR experience of the internal workings of an organism. You float around inside an infected body while blood cells flow around you as well. You are able to see some corona viruses and bacilles as well, each of which are programmed to move according to a certain flocking behaviour.",wgkEfTW,https://www.youtube.com/watch?v=53_L-o-ADSM,,ell_.k,,,
1,3,17:16,with.lasers,orbiðvēl.V,orbidvelv,Talk / Demo + Q&A,A meditation on the interaction we have has an individual with the energetic world around us.,LDYPXnx,,https://with-lasers.myportfolio.com,w.ith.lasers,,"w.ith,lasers",
1,3,17:30,Jingyi Chen,The heart of the cosmos,the-heart-of-the-cosmos,Video of the work + Q&A,The exploration of the combination of biology and astronomy.,57R5FbF,https://imgur.com/57R5FbF,,jingyichen_cn,,,
1,3,17:38,Keir Clyne,_dampMap,dampmap,Talk / Demo + Q&A,_dampMap is a browser based generative program which visualises how nations might form in outerspace.,k8O45y8,,,keirclyne,_dampGrass,,
1,3,17:46,Jonny Fuller-Rowell,How Long Is Now?,how-long-is-now,Video of the work + Q&A,"What is the present moment, how long is it? This installation attempts to capture a ‘moment’, analysing it to see if a person can have a greater understanding of how they experience time. At what point does time move from slices of time to a continuous duration?",JwKPd4t,,,,,,
1,3,18:00,Anna,Data characters,data-characters,Talk / Demo + Q&A,My interests was in exploring datasets as active participant in the creative process. If data structures come with pre-embedded stories or stories seeds I wanted to give it form that would encourage the process of getting to know each other.,Dyc2BmZ,,,alfutka,,,
1,3,18:08,Yanyi Lu,The Obscure: Mourning The lost Art Pyrophonic,the-obscure-mourning-the-lost-art-pyrophonic,Video of the work + Q&A,,,,,,,,
1,3,18:16,Jingyi Chen,CyKink,cykink,Video of the work + Q&A,3D abstract interactive program. Inspired by high-dimensional spaceship in a sci-fi fiction.,owEqLbx,https://vimeo.com/415905371,,jingyichen_cn,,,
1,3,18:30,Romain Biros,Work In Progress,work-in-progress,Video of the work + Q&A,,,,,,,,
1,3,18:38,Owen Planchart,Pyrophonic,pyrophonic,Video of the work + Q&A,"Pyrophonic is a prototype for an installation exploring the connection between, sound, fire and ritual. It uses Max, Arduino and Unity to create a semi-intelligible cacophony of religious chants and cultural symbols turned into morphing particle systems, that are triggered by candles.",0sFcQay,,,owenplanchart,,,
1,3,18:46,Yuwen Huang,Time and noise,time-and-noise,Video of the work + Q&A,,,,,,,,
1,3,19:00,David R. Mincer,Laughing in the Face of Death,laughing-in-the-face-of-death,Video of the work + Q&A,"In a world under lockdown, how is a young comedian supposed to get a break? Join David R. Mincer in the weird virtual world of his mind as he tries to put on a good show, all while fighting with his own existential struggles.",SxiXn4g,https://davidrmincer.itch.io/,https://davidrmincer.wordpress.com/,davidrmincer,davidrmincer,,
1,3,19:08,Yishuai Zhang,"""between""",between,Performance,"“Between” is a technoetic live performance that seeks to explore consciousness and connectivity through digital, telematic technologies. The performance combines modern techno dance movements with a traditional form of Chinese Taijiquan, presented through two sets of visualisation.",aY2f8dM,http://zhangyishuai.com/between.html,http://zhangyishuai.com,daven_zhang,ai_yishu,Daven Zhang,
1,4,17:08,Eleanor Edwards,doNOTtouch,donottouch,Talk / Demo + Q&A,"doNOTtouch questions the role of the viewer within the art experience. Using a game like format, users are challenged to abide by the signage or succumb to temptation. The gameplay may seem unclear at times but the reward for the user highlights their importance within the sphere of the art object.",sNhwlSI,http://doc.gold.ac.uk/compartsblog/index.php/work/donottouch/,https://www.eleanoredwards.co.uk/,,,,
1,4,17:16,Hazel Ryan,Boundry,boundry,Talk / Demo + Q&A,,,,,,,,
1,4,17:30,Owen Planchart,The Unbearable Lightness of Mixed Signals,the-unbearable-lightness-of-mixed-signals,Video of the work + Q&A,"A work-in progress disobedient chandelier that floats in space and reacts to group dynamics, exploring the themes of affective dissonance and vibrant materialism.",Pw6wdo5,,,owenplanchart,,,
1,4,17:38,Camila Colussi,The future,the-future,Video of the work + Q&A,"What is democracy?

What does it mean to be governed?

What does it mean to resist?

The piece is a digital writing platform that activates a light installation while typing.  Work-in-progress.
​",dYlxhcH,https://www.camilacolussi.com/notenough,https://www.camilacolussi.com,camilacolussi,,,
1,4,17:46,Chris Newth,Computational Spinning Wheel,computational-spinning-wheel,Talk / Demo + Q&A,"This installation 'weaves' and controls patterns dependent on the position / speed of a spinning wheel. Designed to be used as a VJ tool / instrument or as a playful installation, I was inspired by a traditional spinning wheel and other spinning machines, such as a lathe and a potter's wheel.",QaqmomJ,,,,Ashford_Pi_Man,,
1,4,18:00,Yu Liao,You Cannot Recognise,you-cannot-recognise,Video of the work + Q&A,"""I cannot recognise"" is a work using object detection as social commentary. Pointing out how people rely on algorithm, which is mostly a black box, to identify correct information.",ZR6WmAT,https://youtu.be/QpNT-aFsGa4,,sunni0o/?hl=zh-tw,,https://www.facebook.com/sunny.liao.3152,
1,4,18:08,Jonny Fuller-Rowell,Performing Objects,performing-objects,Live performance,"This project finds ways to consciously interact with technological objects, becoming performers of the space rather than just the context to it. A ESP32 feather board and an orientation sensor attached to my wrist send data via OSC to a MAX MSP program, controlling the sounds of objects.",dT4Iqt6,http://doc.gold.ac.uk/compartsblog/index.php/work/background-relations/,,,,,
1,5,18:30,Katie Tindle,The Yellow Wallpaper,the-yellow-wallpaper,Talk / Demo + Q&A,"Reactive visuals for a reading of ‘The Yellow Wallpaper'.The reader’s voice, and intention, interacts with the pattern of the titular paper, creating ornate and unsettling imagery.",lNE0rnq,http://doc.gold.ac.uk/compartsblog/index.php/work/the-yellow-wallpaper/,https://cargocollective.com/katietindle/Home,ktwindmill,,,
1,5,18:38,Felix Loftus,"My Bitrot, Gutweed Breath",my-bitrot-gutweed-breath,Talk / Demo + Q&A,"an auto-ethnographical interactive audio installation developed from my research of Alexis Pauline Gumbs’ philosophy of breath. The sonic environment of the installation is an idea of how I breathe digitally, with you.",iiAEtFC,http://doc.gold.ac.uk/compartsblog/index.php/work/my-bitrot-gut-weed-breath/,,peti_filou,,,
1,5,18:46,Mattia Spagnuolo,#andratuttobene,andratuttobene,Talk / Demo + Q&A,"#andratuttobene is an interactive installation that conveys the solidarity and positivity of the Italian people in response to the COVID-19 pandemic.
The work consists of an ever-fluctuating Italian flag whose revolutions can be controlled through gyroscope data sent as OSC messages over Wi-Fi.",8iuSeut,https://www.mattiaspagnuolo.com/works/andratuttobene,https://www.mattiaspagnuolo.com/,mattia_spagnuolo,,,
1,5,19:00,Mengdi Li,"Cough, No Free",cough-no-free,Video of the work + Q&A,"Cough, No Free is an interactive voice-controlled project to demonstrate the current social situation and release the participant from the serious and depressing atmosphere using pixel art illustrations.",dkNKL7g,http://doc.gold.ac.uk/compartsblog/index.php/work/cough-no-free/,,lillianlimd,,,
1,5,19:08,Veera Jussila,Postcards from Lost Cities,postcards-from-lost-cities,Talk / Demo + Q&A,"Deep learning postcards from tourism destinations hit by the Covid-19 pandemic, capturing the feelings of loss and uncertainty. Coded with PyTorch and TensorFlow in Python. RunwayML used for AttnGAN.",4MHm0Ft,https://www.veerajussila.com/code-and-art/postcards-from-lost-cities,https://www.veerajussila.com,veeraidaj,JussilaVeera,https://www.facebook.com/veera.jussila,
1,5,19:16,Marcus Ansley,The Best Days,the-best-days,Video of the work + Q&A,"The Best Days is a game about student life and mental upkeep. It’s about pushing forward through the days and nights while attempting to stay healthy and sane. It’s a game about the invisible hours spent toiling away in a room without company. These are, in short, the best days of your life.",5WrhVIE,https://marcusansley.com/2020/05/21/the-best-days/,https://marcusansley.com/,,MAnsley_,,
1,5,19:24,Clemence Debaig,STRINGS,strings,Performance,"In this live-streamed performance, the audience has to collectively decide how the dancer should move through a web interface. The dancer is wearing electronic devices that react to their actions. Each instruction acts as invisible strings to (re)animate a living and dancing body.",2ZwYrFB,,http://www.clemencedebaig.com/,demzou_art,clemencedebaig,/demzouart,
1,0,17:00,Dr Theo Papatheodorou,Introduction to Computational Arts MA,introduction-to-computational-arts-ma,Talk,Computation consists of all the changes brought about by digital technology. Art is an open set of ways of acting inventively in culture. Mixing the two together in a systematic way gives us computational art.,CpRlJIE,,https://www.gold.ac.uk/pg/ma-computational-arts/,goldsmithscomparts,,,
1,0,17:08,Julian Burgess,Sonicode,sonicode,Video of the work + Q&A,Sonicode is a performance piece producing audio-visual work derived from barcodes. The barcode is input using a wireless scanner and informs a rhythmic pattern made of audio samples that I have collected from items around my flat.,y0dguIs,,https://aubergene.com,aubergene,aubergene,,
1,0,17:16,Oliver Schilke,Reciprocal,reciprocal,Video of the work + Q&A,Reciprocal is a live performance experience using a cello and live electronics to create a singular augmented instrument in sensory immersion. The bow for a cellist is an extension of their arm. The movement of this relation is used as a controller for the audio synthesis.,CbwSQQM,,,____scho,,,
1,0,17:30,Lou Terry,Interactive Instrument,interactive-instrument,Video of the work + Q&A,"This is a sonic installation that responds to sounds in a room, and can be played and performed with as a semi-controllable, semi-uncontrollable instrument.",QCddIha,http://doc.gold.ac.uk/compartsblog/index.php/work/interactive-instrument/,,,,,
1,0,17:38,Romain Biros,"Murmur, Swoosh, Retch",murmur-swoosh-retch,Video of the work + Q&A,Romain Biros and Hannah Corrie in collaboration with Mass Hysteria created a performance for Deptford Moving Image festival. The visual effects consist of revisiting the cinematographic processes of slit-scanning and image repetition using advanced software and hardware programming.,6o7F6zU,https://www.youtube.com/watch?v=IU3OLalSrRg,,picofrom,,,
1,0,17:46,Yewen Jin,The Sound of Poetry,the-sound-of-poetry,Video of the work + Q&A,This is a poetry reading with ambient sound background that's triggerred by the way that the verses are read. The process of this project is half about collaging sound and half about analyzing the sound of poetry.,ee1gpeM,,https://yewenjin.com,elsaurum,,,
1,0,18:00,Julian Burgess,JESTLED,jestled,Talk / Demo + Q&A,JESTLED is experiment in bridging the real world to virtual reality. Oculus Quest controllers are used to conduct a display of vibrant colourful lights along a strip of LEDs.,BSr94sk,https://aubergene.com/jestled/,https://aubergene.com,aubergene,aubergene,,
1,0,18:08,"Agnes, Yuhyeon Jun",Light up the Balls,light-up-the-balls,Talk / Demo + Q&A,"As an audiovisual(AV) interactive art, it engages the audience with their hand gesture to generate rhythmic visuals such as ‘lighting and dancing balls’ which produce mixing sounds with the beat as well. The Machine Learning helps them to participate as VJ Producer.",3tEhzJg,https://www.joyfulmediaartistagnes.com/work/light-up-the-balls,https://www.joyfulmediaartistagnes.com,joyfulmediaartist,,,
1,0,18:16,Seyeon Park,Neo-4'33,neo-433,Performance,"Sound is constant and everywhere. Sound is time-based medium. The layered sound create a timeline, but it is disappear and immateriality. Sound is also the atmosphere and space. Neo-4'33 is the sound art piece that adopted idea of experimental composer John Cage's art piece call 4'33.",GDKswxd,,https://www.seyeonpark.com,seyon_park and @artseyeonpark,sparkartxx,https://www.facebook.com/seyeonpark.1985,
1,0,18:30,Ernie Lafky,Jeff in a Jar - Prototype 1.0,jeff-in-a-jar-prototype-10,Performance,"Jeff in a Jar imagines a dystopian future world where the space colonisation dreams of Jeff Bezos have come true. Though the inhabitants of Jeff’s space colony have long since perished, Jeff’s brain lives on, still thinking it’s in control of a vast galactic empire.",8GOkqIk,,,,,,
2,7,13:08,Duncan Paterson,CrowMisoMoon,crowmisomoon,Video of the work + Q&A,"During lockdown, I’m more aware of the world around me, specifically the omnipresent crows on Hackney Marshes. I’ve been recording ‘conversations’ with these creatures, who seem to be flourishing in the absence of people. I’ve combined the recordings with an interactive ‘terraforming’ visual in Max.",Y1G3FDg,https://vimeo.com/413660605,,brother_sjur,,,
2,7,13:16,Ernie Lafky,Jeff in a Jar - Prototype 1.0,jeff-in-a-jar-prototype-10,performance,"Jeff in a Jar imagines a dystopian future world where the space colonisation dreams of Jeff Bezos have come true. Though the inhabitants of Jeff’s space colony have long since perished, Jeff’s brain lives on, still thinking it’s in control of a vast galactic empire.",8GOkqIk,,,,,,
2,7,13:30,Lou Terry,Feral Robotic Birds,feral-robotic-birds,video,"Birdsong adapts and responds to sonic changes in the environment.  Using nightingale songs as a start-point, Feral Robotic Birds speculate the future of birdsong by listening to their environments, and slowly incorporating the sonic history of those environments into their ever-changing songs.",XY9T5Xh,http://doc.gold.ac.uk/compartsblog/index.php/work/feral-robotic-birds/,,,,,
2,7,13:38,Yewen Jin,The Sound of Poetry,the-sound-of-poetry,video,This is a poetry reading with ambient sound background that's triggerred by the way that the verses are read. The process of this project is half about collaging sound and half about analyzing the sound of poetry.,ee1gpeM,,https://yewenjin.com,elsaurum,,,
2,7,13:46,Seyeon Park,Neo-4'33,neo-433,Performance,"Sound is constant and everywhere. Sound is time-based medium. The layered sound create a timeline, but it is disappear and immateriality. Sound is also the atmosphere and space. Neo-4'33 is the sound art piece that adopted idea of experimental composer John Cage's art piece call 4'33.",GDKswxd,,https://www.seyeonpark.com,seyon_park and @artseyeonpark,sparkartxx,https://www.facebook.com/seyeonpark.1985,
2,7,14:00,James Lawton,Public Opinion,public-opinion,Video of the work + Q&A,An audio performance that has a socio-political bent to it about how we lose our own unique voice within the onslaught of pervasive media. It's strongly based off of media and public opinion literature. It takes its name from the highly influential and controversial 1922 book by Walter Lippmann.,SQZ4E59,https://jameslawton.net/public-opinion,https://jameslawton.net/,jameslawtonart,jameslawtonart,jameslawtonart,
2,7,14:08,Julian Burgess,Sonicode,sonicode,Video,Sonicode is a performance piece producing audio-visual work derived from barcodes. The barcode is input using a wireless scanner and informs a rhythmic pattern made of audio samples that I have collected from items around my flat.,y0dguIs,,https://aubergene.com,aubergene,aubergene,,
2,7,14:16,kris hillquist,Everything Glitched,everything-glitched,talk demo,"I woke up one morning and everything had glitched.  This work is an audio-visual response to the Covid 19 lockdown.  Deliberately repetitive and at times off-key, the work expresses the unease of this time.",Yf8zBgH,http://doc.gold.ac.uk/compartsblog/index.php/work/15622/,,Kris Cirkuit,,https://www.facebook.com/kris.cirkuit.7/,
2,7,14:30,Romain Biros,"Murmur, Swoosh, Retch",murmur-swoosh-retch,video,Romain Biros and Hannah Corrie in collaboration with Mass Hysteria created a performance for Deptford Moving Image festival. The visual effects consist of revisiting the cinematographic processes of slit-scanning and image repetition using advanced software and hardware programming.,6o7F6zU,https://www.youtube.com/watch?v=IU3OLalSrRg,,picofrom,,,
2,7,14:38,Felix Loftus,"My Bitrot, Gutweed Breath",my-bitrot-gutweed-breath,talk/demo,"an auto-ethnographical interactive audio installation developed from my research of Alexis Pauline Gumbs’ philosophy of breath. The sonic environment of the installation is an idea of how I breathe digitally, with you.",iiAEtFC,http://doc.gold.ac.uk/compartsblog/index.php/work/my-bitrot-gut-weed-breath/,,peti_filou,,,
2,7,14:46,Callum Fowler,a human and a computer,a-human-and-a-computer,performance,"This performance is a human-computer collaboration. The human improvises on an electric guitar, whilst the computer generates a response using MaxMSP, resulting in a sound collage. The piece focuses on aspects of generative audio and human-computer interaction.",tNdbnMe,,,motivated_sloth,,,
2,7,15:00,Hazel Ryan,Boundary,boundary,talk demo,"Boundary​ is an audiovisual piece exploring sonification of visual information, and affect in  interactive media. It consists of an interactive 3D environment and a Max application to drive the sound, communicating via OSC messaging.",HZBffPR,https://capitolhmr.itch.io/boundary,,,,,
2,7,15:08,Oliver Schilke,Reciprocal,reciprocal,video,Reciprocal is a live performance experience using a cello and live electronics to create a singular augmented instrument in sensory immersion. The bow for a cellist is an extension of their arm. The movement of this relation is used as a controller for the audio synthesis.,CbwSQQM,,,____scho,,,
2,7,15:16,Chloe Karnezi,Cash Cow,cash-cow,talk demo,‘Cash Cow’ is an audiovisual performance piece aimed at raising awareness about the treatment of cattle and other non-human animals in the context of industrial animal farming. The audio used is the poem/song ‘The Revolution Will Not Be Televised’ by American poet and jazz musician Gil Scott-Heron.,v9Z9WaE,https://www.youtube.com/watch?v=Xg2t7Hz7AIM,,,,,
2,7,15:24,Christina Karpodini,"""Οικολογία"" (ecologia)",oikologia-ecologia,performance,"“Ecologia” is a piece dedicated, as the title describes, to ecology, it reflects on humans improvident plastic waste and it creates an imaginary soundscape by sonifing the image of all land fields of earth bulging with plastics.",PHdN4ck,https://youtu.be/uEa1GOWD-LE,https://ckarpodini.wixsite.com/christinakarpodini,christikarp,,,
2,8,13:30,Jingyi Chen,The heart of the cosmos,the-heart-of-the-cosmos,Video of the work + Q&A,The exploration of the combination of biology and astronomy.,57R5FbF,https://imgur.com/57R5FbF,,jingyichen_cn,,,
2,8,13:38,Karen Okpoti,Symbiosis,symbiosis,Video of the work + Q&A,"Symbiosis is a piece which explores the parasitic and mutualistic relationships between the  plant and animal kingdom in the form of a 3D simulation. All three kingdoms rely on each other for food, growth and survival.",eFnGlqC,,,kazxart,,,
2,8,13:46,Yanyi Lu,Replica,replica,Video of the work + Q&A,"This artwork will tell a story of my digital plant and I in a cyberpunk way. I raised some questions based on the semiotics of plant and human and started my project with these. Can I keep my dying plants forever? Can I be my plant, and can we be together?",BpZduNK,https://yanyilu.wordpress.com/2020/05/14/replica/,https://yanyilu.wordpress.com/,yanyiiscoding,,,
2,8,14:00,Jude Marcella,The Snow Globe,the-snow-globe,Talk / Demo + Q&A,A diorama,ocbg23V,http://doc.gold.ac.uk/compartsblog/index.php/work/the-snow-globe-a-critical-reengagement-with-onscreen-life/,https://www.judemarcella.com/,meminine,,,
2,8,14:08,Jingyi Chen,CyKink,cykink,Video of the work + Q&A,3D abstract interactive program. Inspired by high-dimensional spaceship in a sci-fi fiction.,owEqLbx,https://vimeo.com/415905371,,jingyichen_cn,,,
2,8,14:16,Elli Koliniati,Inside Us - A VR experience,inside-us-a-vr-experience,Video of the work + Q&A,"""Inside Us"" is a VR experience of the internal workings of an organism. You float around inside an infected body while blood cells flow around you as well. You are able to see some corona viruses and bacilles as well, each of which are programmed to move according to a certain flocking behaviour.",wgkEfTW,https://www.youtube.com/watch?v=53_L-o-ADSM,,ell_.k,,,
2,8,14:30,Mattia Spagnuolo,#andratuttobene,andratuttobene,Talk / Demo + Q&A,"#andratuttobene is an interactive installation that conveys the solidarity and positivity of the Italian people in response to the COVID-19 pandemic.
The work consists of an ever-fluctuating Italian flag whose revolutions can be controlled through gyroscope data sent as OSC messages over Wi-Fi.",8iuSeut,https://www.mattiaspagnuolo.com/works/andratuttobene,https://www.mattiaspagnuolo.com/,mattia_spagnuolo,,,
2,8,14:38,"Agnes, Yuhyeon Jun",Wave Scape in Lake,wave-scape-in-lake,Talk / Demo + Q&A,"It represents 'Acoustic harmony of multispecies' such as goose and ducks in Lake as an aspect of the biodiversity in nature. It goes through 'how they live together' by generative waves with 'Binaural Spatial Sound'. As a musical, I perform with species and generate audiovisual art on my movement.",XLNgaIE,https://www.joyfulmediaartistagnes.com/work/wave-scape,https://www.joyfulmediaartistagnes.com/,joyfulmediaartist,,,
2,8,14:46,Yishuai Zhang,Translucence,translucence,Talk / Demo + Q&A,"“Translucence” is a virtual space constructed from various embodiments of my fragmented memories, taking the form of poetry, sculpture, still image, video clips, and animations. The visitor becomes a thread that connects these different elements by controlling an invisible avatar in the space.",LX3DQUS,http://zhangyishuai.com/translusence.html,http://zhangyishuai.com,,,,
2,8,15:00,Romain Biros,Work In Progress,work-in-progress,Video of the work + Q&A,,,,,,,,
2,8,15:08,Andrew Chang,I am my sex slave,i-am-my-sex-slave,Video of the work + Q&A,"I am my sex slave is focusing on the process of produce a virtual body by different 3D scanning platforms and techniques, exploring the possibility of our identity development without the restriction of the physical body in the real-world.",odwTEFb,https://www.andrewtw.com/post-bs4ix/_______________i-am-my-sex-slave_______________,https://www.andrewtw.com/,chia_yang.tw,,,
2,8,15:16,Chloe Karnezi,A Rose is a Rose is a Rose,a-rose-is-a-rose-is-a-rose,Talk / Demo + Q&A,"This project is a 3D visualisation of different rose shapes, based on the geometrical concept of the Maurer Rose by Peter M. Maurer. The title of this project was inspired by Gertrude Stein’s 1913 poem titled ""Sacred Emily,"" which contains the famous verse, ""Rose is a rose is a rose is a rose.""",ClKD5Fe,https://www.youtube.com/watch?v=8Ef4JzkuAWw,,,,,
2,9,13:08,Keir Clyne,_dampMap,dampmap,Talk / Demo + Q&A,_dampMap is a browser based generative program which visualises how nations might form in outerspace.,k8O45y8,,,keirclyne,_dampGrass,,
2,9,13:16,Yanyi Lu,The Obscure: Mourning The Lost Art,the-obscure-mourning-the-lost-art,Video of the work + Q&A,"People are always talking about certain famous paintings that are carefully hung in the museums. However, some same important artworks have vanished forever from human history by some sad reasons. From this moment on, we lost it forever and never feel it without heavily dusty fog.",rPrWBc8,https://yanyilu.wordpress.com/2020/05/14/the-obscure/,https://yanyilu.wordpress.com/,yanyiiscoding,,,generative
2,9,13:30,Anna,Data characters,data-characters,Talk / Demo + Q&A,My interests was in exploring datasets as active participant in the creative process. If data structures come with pre-embedded stories or stories seeds I wanted to give it form that would encourage the process of getting to know each other.,Dyc2BmZ,,,alfutka,,,
2,9,13:38,Gerolamo Gnecchi Ruscone,For the Tide!,for-the-tide,Talk / Demo + Q&A,This project is a first step to understand the Thames Tide ecosystem and pave new horizons in designing with the Tide.,wnL0KYX,,,,,,Theory
2,9,13:46,Mattia Spagnuolo,#iorestoacasa,iorestoacasa,Talk / Demo + Q&A,#iorestoacasa is a virtual artefact that visualizes data relative to the COVID-19 pandemic in the form of a particle system. The most relevant data about the virus outbreak is mapped to variables that modify the shape and color of the system.,1izd17T,https://www.mattiaspagnuolo.com/works/iorestoacasa,https://www.mattiaspagnuolo.com/,mattia_spagnuolo,,,
2,9,14:00,Camila Colussi,WordsOfRebellion,wordsofrebellion,Video of the work + Q&A,"Collection and transcription of protest posters that crossed the streets of Chile (2019-20). While being abroad, social networks has been my main access to those images. This proposal is an attempt to build a story mediated by the digital platform as a narrative, sensitive and knowledge source.",1lAVRpr,https://www.camilacolussi.com/wordsofrebellion,https://www.camilacolussi.com,camilacolussi,,,Theory
2,9,14:08,Alesandra Miro Quesada,my markings,my-markings,Talk / Demo + Q&A,,,,,,,,machine learning
2,9,14:16,Veera Jussila,Postcards from Lost Cities,postcards-from-lost-cities,Talk / Demo + Q&A,"Deep learning postcards from tourism destinations hit by the Covid-19 pandemic, capturing the feelings of loss and uncertainty. Coded with PyTorch and TensorFlow in Python. RunwayML used for AttnGAN.",4MHm0Ft,https://www.veerajussila.com/code-and-art/postcards-from-lost-cities,https://www.veerajussila.com,veeraidaj,JussilaVeera,https://www.facebook.com/veera.jussila,machine learning
2,9,14:30,Yuqian Sun,Digital fossil,digital-fossil,Talk / Demo + Q&A,"Digital fossil is a research project about compressing human information in the future, including parts of genotypes and our personal traces on the internet.",KqDO9z5,https://fakecheese.cargo.site/Digital-fossil,https://fakecheese.cargo.site/,cheesetalk1997,,,generative
2,9,14:38,Yasmine Boudiaf,Algerian Hand Gestures,algerian-hand-gestures,Video of the work + Q&A,This interactive project uses a camera to detect hand gestures and a speaker to produce corresponding verbal sounds.,lvV8XRc,https://www.yasmine-boudiaf.com/#/algerian-hand-gestures/,https://www.yasmine-boudiaf.com/,,YasmineBoudiaf,,
2,9,14:46,Jakob Jennerholm Hammar,Weaving Drafts at the Edge of the Abyss,weaving-drafts-at-the-edge-of-the-abyss,Talk / Demo + Q&A,"A series of experimental explorations into digital weaving drafts/notation. The project is founded on a series of vague questions about time, nature, relationality and pattern-making which are engaged with through the creation of generative and interactive digital and physical weaving drafts.",Z84HQD1,https://jennerholmhammar.info/project/weaving-drafts/,https://jennerholmhammar.info,knoegle,,,generative
2,9,15:00,Katie Tindle,Drips,drips,Talk / Demo + Q&A,"Drips is the product of a research project into biosensing (self tracking health data) as a practice, and reflective writing as a creative research technique.",7dZTLCr,http://doc.gold.ac.uk/compartsblog/index.php/work/motivation-menstrual-biosensing-as-identity-construction/,https://cargocollective.com/katietindle/Home,ktwindmill,,,
2,10,13:38,David R. Mincer,Laughing in the Face of Death,laughing-in-the-face-of-death,Video of the work + Q&A,"In a world under lockdown, how is a young comedian supposed to get a break? Join David R. Mincer in the weird virtual world of his mind as he tries to put on a good show, all while fighting with his own existential struggles.",SxiXn4g,https://davidrmincer.itch.io/,https://davidrmincer.wordpress.com/,davidrmincer,davidrmincer,,game
2,10,13:46,Marcus Ansley,The Best Days,the-best-days,Video of the work + Q&A,"The Best Days is a game about student life and mental upkeep. It’s about pushing forward through the days and nights while attempting to stay healthy and sane. It’s a game about the invisible hours spent toiling away in a room without company. These are, in short, the best days of your life.",5WrhVIE,https://marcusansley.com/2020/05/21/the-best-days/,https://marcusansley.com/,,MAnsley_,,game
2,10,14:00,Owen Planchart,Pyrophonique,pyrophonique,Video of the work + Q&A,,,,,,,,
2,10,14:08,Clemence Debaig,Is It Getting Better?,is-it-getting-better,Talk / Demo + Q&A,This kinetic sculpture changes its shape depending on the latest COVID19 data in the UK. It automatically interrogates an online data source once per day. Its two states (better / worse) aims at simplifying the understanding of the data and go against the current information overload.,ktdTEc8,https://www.youtube.com/watch?v=PQAP3vp-uzI,http://www.clemencedebaig.com/,demzou_art,clemencedebaig,/demzouart,
2,10,14:16,Jonny Fuller-Rowell,Performing Objects,performing-objects,Talk / Demo + Q&A,"This project finds ways to consciously interact with technological objects, becoming performers of the space rather than just the context to it. A ESP32 feather board and an orientation sensor attached to my wrist send data via OSC to a MAX MSP program, controlling the sounds of objects.",dT4Iqt6,http://doc.gold.ac.uk/compartsblog/index.php/work/background-relations/,,,,,
2,10,14:30,Julian Burgess,JESTLED,jestled,Talk / Demo + Q&A,JESTLED is experiment in bridging the real world to virtual reality. Oculus Quest controllers are used to conduct a display of vibrant colourful lights along a strip of LEDs.,BSr94sk,https://aubergene.com/jestled/,https://aubergene.com,aubergene,aubergene,,Machine learning
2,10,14:38,Christina Karpodini,Detuned piano,detuned-piano,Video of the work + Q&A,Detuned piano is an audio&light interactive installation. It is aiming to reflect the impact of the misleading information we find on the Internet and the impact of them on the mental health of people.,fFqqtuP,,https://ckarpodini.wixsite.com/christinakarpodini,christikarp,,,
2,10,14:46,Veera Jussila,A Magical AI Angle,a-magical-ai-angle,Talk / Demo + Q&A,"A prototype for the sonic part of an interactive installation. The piece takes viewer to an insecure AI oracle that reads aloud predictions about its own future. The name comes from one of the phrases in AI predictions. Built with MaxMSP,  Arduino and a text generation RNN in Tensorflow.",UsXvov6,https://www.veerajussila.com/code-and-art/a-magical-ai-angle,https://www.veerajussila.com,veeraidaj,JussilaVeera,https://www.facebook.com/veera.jussila,
2,10,15:00,Owen Planchart,The Unbearable Lightness of Mixed Signals,the-unbearable-lightness-of-mixed-signals,Video of the work + Q&A,"A work-in progress disobedient chandelier that floats in space and reacts to group dynamics, exploring the themes of affective dissonance and vibrant materialism.",Pw6wdo5,,,owenplanchart,,,
2,10,15:08,Clemence Debaig,STRINGS,strings,PErformance,"In this live-streamed performance, the audience has to collectively decide how the dancer should move through a web interface. The dancer is wearing electronic devices that react to their actions. Each instruction acts as invisible strings to (re)animate a living and dancing body.",2ZwYrFB,,http://www.clemencedebaig.com/,demzou_art,clemencedebaig,/demzouart,
2,6,13:00,Dr Theo Papatheodorou,Introduction to Computational Arts MA,introduction-to-computational-arts-ma,Talk,Computation consists of all the changes brought about by digital technology. Art is an open set of ways of acting inventively in culture. Mixing the two together in a systematic way gives us computational art.,CpRlJIE,,https://www.gold.ac.uk/pg/ma-computational-arts/,goldsmithscomparts,,,
2,6,13:08,with.lasers,orbiðvēl.V,orbidvelv,Talk / Demo + Q&A,A meditation on the interaction we have has an individual with the energetic world around us.,LDYPXnx,,https://with-lasers.myportfolio.com,w.ith.lasers,,"w.ith,lasers",
2,6,13:16,Yu Liao,You Cannot Recognise,you-cannot-recognise,Video of the work + Q&A,"""I cannot recognise"" is a work using object detection as social commentary. Pointing out how people rely on algorithm, which is mostly a black box, to identify correct information.",ZR6WmAT,https://youtu.be/QpNT-aFsGa4,,sunni0o/?hl=zh-tw,,https://www.facebook.com/sunny.liao.3152,
2,6,13:30,Alesandra Miro Quesada,Computing my Latiness,computing-my-latiness,Talk / Demo + Q&A,,,,,,,,
2,6,13:38,Camila Colussi,The future,the-future,Video of the work + Q&A,"What is democracy?

What does it mean to be governed?

What does it mean to resist?

The piece is a digital writing platform that activates a light installation while typing.  Work-in-progress.
​",dYlxhcH,https://www.camilacolussi.com/notenough,https://www.camilacolussi.com,camilacolussi,,,
2,6,13:46,Yuwen Huang,Time and noise,time-and-noise,Video of the work + Q&A,,,,,,,,
2,6,14:00,Jonny Fuller-Rowell,How Long Is Now?,how-long-is-now,Video of the work + Q&A,"What is the present moment, how long is it? This installation attempts to capture a ‘moment’, analysing it to see if a person can have a greater understanding of how they experience time. At what point does time move from slices of time to a continuous duration?",JwKPd4t,,,,,,
2,6,14:08,Oliver Schilke,Sumbios,sumbios,Video of the work + Q&A,"Here Physarum Polycephalum explores its natural habitats using soundscapes and reactive visuals. The soundscape of the room also plays effect on these visuals exhibited, that alter our abstraction of the relationship between the biological worlds and the Anthropocene.",Pjb07aX,,,____scho,,,
2,6,14:16,Andrew Chang,Stop Projecting Your Feelings Onto Others,stop-projecting-your-feelings-onto-others,Video of the work + Q&A,"Stop projecting your feelings onto others is a computational interact projection and installation, reflecting the projection effect in Psychology.",jTOdsHh,https://www.andrewtw.com/post-bs4ix/stop-projecting-your-feelings-onto-others,https://www.andrewtw.com/,chia_yang.tw,,,
2,6,14:30,Katie Tindle,The Yellow Wallpaper,the-yellow-wallpaper,Talk / Demo + Q&A,"Reactive visuals for a reading of ‘The Yellow Wallpaper'.The reader’s voice, and intention, interacts with the pattern of the titular paper, creating ornate and unsettling imagery.",lNE0rnq,http://doc.gold.ac.uk/compartsblog/index.php/work/the-yellow-wallpaper/,https://cargocollective.com/katietindle/Home,ktwindmill,,,
2,6,14:38,Eleanor Edwards,doNOTtouch,donottouch,Talk / Demo + Q&A,"doNOTtouch questions the role of the viewer within the art experience. Using a game like format, users are challenged to abide by the signage or succumb to temptation. The gameplay may seem unclear at times but the reward for the user highlights their importance within the sphere of the art object.",sNhwlSI,http://doc.gold.ac.uk/compartsblog/index.php/work/donottouch/,https://www.eleanoredwards.co.uk/,,,,
2,6,14:46,Mengdi Li,"cough, no fear",cough-no-fear,Video of the work + Q&A,,,,,,,,
2,6,15:00,Chris Newth,Computational Spinning Wheel,computational-spinning-wheel,Talk / Demo + Q&A,"This installation 'weaves' and controls patterns dependent on the position / speed of a spinning wheel. Designed to be used as a VJ tool / instrument or as a playful installation, I was inspired by a traditional spinning wheel and other spinning machines, such as a lathe and a potter's wheel.",QaqmomJ,,,,Ashford_Pi_Man,,
2,6,15:08,Lou Terry,Interactive Instrument,interactive-instrument,Video of the work + Q&A,"This is a sonic installation that responds to sounds in a room, and can be played and performed with as a semi-controllable, semi-uncontrollable instrument.",QCddIha,http://doc.gold.ac.uk/compartsblog/index.php/work/interactive-instrument/,,,,,
2,6,15:16,"Agnes, Yuhyeon Jun",Light up the Balls,light-up-the-balls,Talk / Demo + Q&A,"As an audiovisual(AV) interactive art, it engages the audience with their hand gesture to generate rhythmic visuals such as ‘lighting and dancing balls’ which produce mixing sounds with the beat as well. The Machine Learning helps them to participate as VJ Producer.",3tEhzJg,https://www.joyfulmediaartistagnes.com/work/light-up-the-balls,https://www.joyfulmediaartistagnes.com,joyfulmediaartist,,,
2,6,15:24,Yishuai Zhang,"""between""",between,performance,"“Between” is a technoetic live performance that seeks to explore consciousness and connectivity through digital, telematic technologies. The performance combines modern techno dance movements with a traditional form of Chinese Taijiquan, presented through two sets of visualisation.",aY2f8dM,http://zhangyishuai.com/between.html,http://zhangyishuai.com,daven_zhang,ai_yishu,Daven Zhang,